{"13": {"ball_box": {"xmin": 934.142578125, "ymin": 16.258180618286133, "xmax": 1109.208251953125, "ymax": 132.81915283203125}, "nearest_person_box": {"xmin": 861.0, "ymin": 470.0, "xmax": 1052.0, "ymax": 939.0}, "nearest_person_keypoints": [[1044.059814453125, 515.83544921875], [1047.4244384765625, 507.96978759765625], [1037.073974609375, 506.98626708984375], [0.0, 0.0], [1009.0604248046875, 510.87548828125], [1006.0105590820312, 559.559814453125], [963.3334350585938, 556.89501953125], [994.1312255859375, 638.2098388671875], [949.9765625, 644.5422973632812], [1020.8139038085938, 695.3941040039062], [1002.629150390625, 702.89892578125], [935.6590576171875, 663.6194458007812], [904.9766235351562, 664.9138793945312], [964.7801513671875, 766.1605224609375], [955.39111328125, 772.082275390625], [921.9188232421875, 869.7576904296875], [922.4822998046875, 883.969970703125]], "track_id": 1}, "14": {"ball_box": {"xmin": 938.4801635742188, "ymin": 92.81172180175781, "xmax": 1090.1875, "ymax": 261.7725830078125}, "nearest_person_box": {"xmin": 860.0, "ymin": 471.0, "xmax": 1061.0, "ymax": 937.0}, "nearest_person_keypoints": [[1044.1611328125, 517.5372314453125], [1047.9564208984375, 509.61981201171875], [1036.555419921875, 508.39190673828125], [0.0, 0.0], [1007.4183349609375, 512.8895263671875], [1006.7900390625, 562.20458984375], [962.8218994140625, 559.3643798828125], [1000.760009765625, 638.154541015625], [954.001708984375, 645.88427734375], [1027.10546875, 685.286865234375], [1010.907958984375, 695.5054321289062], [936.4901733398438, 664.2940673828125], [904.4951171875, 665.4963989257812], [967.1138916015625, 766.437744140625], [956.9483642578125, 772.2870483398438], [922.7098388671875, 869.8233032226562], [921.9655151367188, 884.1697998046875]], "track_id": 1}, "15": {"ball_box": {"xmin": 934.915283203125, "ymin": 182.5265350341797, "xmax": 1089.4705810546875, "ymax": 323.50579833984375}, "nearest_person_box": {"xmin": 860.0, "ymin": 472.0, "xmax": 1065.0, "ymax": 935.0}, "nearest_person_keypoints": [[1043.9891357421875, 518.2947998046875], [1047.6617431640625, 510.0955810546875], [1035.718017578125, 509.054931640625], [0.0, 0.0], [1005.55712890625, 513.6102905273438], [1006.2432861328125, 562.2183837890625], [962.74658203125, 560.0377197265625], [1000.89501953125, 636.8953857421875], [955.607177734375, 645.8239135742188], [1027.818603515625, 679.2385864257812], [1011.3341674804688, 690.842529296875], [938.9932250976562, 663.0223388671875], [907.3912353515625, 664.4310302734375], [967.2550048828125, 765.47509765625], [956.932861328125, 771.3328857421875], [921.671142578125, 867.9713134765625], [920.0372314453125, 882.4359130859375]], "track_id": 1}, "16": {"ball_box": {"xmin": 925.1632080078125, "ymin": 396.14837646484375, "xmax": 1081.8092041015625, "ymax": 541.5657958984375}, "nearest_person_box": {"xmin": 858.0, "ymin": 517.0, "xmax": 1080.0, "ymax": 935.0}, "nearest_person_keypoints": [[1032.82421875, 534.5767211914062], [0.0, 0.0], [1031.32958984375, 524.6073608398438], [0.0, 0.0], [1015.9835205078125, 524.8739013671875], [992.4298095703125, 566.0980224609375], [968.1063232421875, 562.6466064453125], [992.8929443359375, 644.7249755859375], [962.8232421875, 648.2041015625], [1026.900634765625, 666.7760620117188], [1021.594970703125, 671.468994140625], [919.7376708984375, 669.1517333984375], [900.8631591796875, 669.4840087890625], [959.9776611328125, 763.8526611328125], [951.9903564453125, 766.564453125], [922.559814453125, 873.9989013671875], [917.4512329101562, 882.5511474609375]], "track_id": 2}, "17": {"ball_box": {"xmin": 923.0575561523438, "ymin": 540.9552612304688, "xmax": 1068.052490234375, "ymax": 679.9264526367188}, "nearest_person_box": {"xmin": 858.0, "ymin": 476.0, "xmax": 1066.0, "ymax": 927.0}, "nearest_person_keypoints": [[0.0, 0.0], [0.0, 0.0], [0.0, 0.0], [0.0, 0.0], [1033.8004150390625, 513.683837890625], [981.1383056640625, 546.4359130859375], [1009.3687133789062, 554.579345703125], [0.0, 0.0], [994.2738647460938, 632.96435546875], [0.0, 0.0], [992.8251342773438, 685.2286376953125], [908.2010498046875, 653.2789306640625], [924.6942138671875, 656.33056640625], [961.783447265625, 757.1131591796875], [969.43310546875, 761.6742553710938], [917.068115234375, 860.1315307617188], [919.123046875, 871.6265258789062]], "track_id": 2}, "18": {"ball_box": {"xmin": 923.0062866210938, "ymin": 538.3672485351562, "xmax": 1067.837158203125, "ymax": 680.1441650390625}, "nearest_person_box": {"xmin": 857.0, "ymin": 476.0, "xmax": 1065.0, "ymax": 927.0}, "nearest_person_keypoints": [[0.0, 0.0], [0.0, 0.0], [0.0, 0.0], [0.0, 0.0], [1031.8795166015625, 513.87353515625], [985.31494140625, 547.7225952148438], [1004.7156982421875, 554.6654052734375], [0.0, 0.0], [986.5823974609375, 633.8642578125], [0.0, 0.0], [987.475830078125, 685.2056884765625], [910.415771484375, 652.9949340820312], [921.2430419921875, 655.5869140625], [963.097412109375, 756.9061279296875], [967.1002197265625, 761.1529541015625], [917.6405639648438, 860.58154296875], [918.2136840820312, 871.6719970703125]], "track_id": 2}, "19": {"ball_box": {"xmin": 911.5519409179688, "ymin": 765.9288330078125, "xmax": 1061.814208984375, "ymax": 902.5943603515625}, "nearest_person_box": {"xmin": 861.0, "ymin": 481.0, "xmax": 1063.0, "ymax": 918.0}, "nearest_person_keypoints": [[1036.9296875, 525.5094604492188], [1043.779052734375, 517.7078857421875], [1029.25830078125, 516.8532104492188], [0.0, 0.0], [1001.7216796875, 521.7247314453125], [1013.75537109375, 574.0947875976562], [964.823974609375, 568.426025390625], [1018.0794067382812, 650.33642578125], [967.9417724609375, 647.7007446289062], [1035.899169921875, 671.8876342773438], [1021.9048461914062, 668.6295166015625], [937.5221557617188, 665.2084350585938], [903.611572265625, 662.3654174804688], [960.0849609375, 771.39990234375], [935.73291015625, 770.8104858398438], [930.300537109375, 864.7144775390625], [915.9310913085938, 871.63134765625]], "track_id": 2}, "20": {"ball_box": {"xmin": 1242.801513671875, "ymin": 646.0560302734375, "xmax": 1312.830810546875, "ymax": 718.5341796875}, "nearest_person_box": {"xmin": 855.0, "ymin": 483.0, "xmax": 1118.0, "ymax": 921.0}, "nearest_person_keypoints": [[1036.69287109375, 530.66064453125], [1042.9388427734375, 522.3663330078125], [1026.8074951171875, 522.3436279296875], [0.0, 0.0], [998.7176513671875, 528.1044921875], [1020.8073120117188, 579.0291748046875], [961.9264526367188, 575.6860961914062], [1033.66162109375, 659.7369384765625], [975.85400390625, 658.1943359375], [1060.199951171875, 687.8971557617188], [1057.8328857421875, 688.626220703125], [937.4591674804688, 669.1605834960938], [897.68505859375, 668.7551879882812], [969.1287231445312, 763.2822875976562], [948.3890991210938, 765.458251953125], [918.531494140625, 868.5087890625], [911.2071533203125, 876.4561157226562]], "track_id": 1}, "21": {"ball_box": {"xmin": 1169.3673095703125, "ymin": 661.559814453125, "xmax": 1233.5223388671875, "ymax": 735.2557373046875}, "nearest_person_box": {"xmin": 854.0, "ymin": 490.0, "xmax": 1089.0, "ymax": 921.0}, "nearest_person_keypoints": [[1034.870849609375, 537.42138671875], [1040.2216796875, 529.8516235351562], [1026.63720703125, 527.1895751953125], [0.0, 0.0], [998.5339965820312, 528.9420166015625], [1011.5823974609375, 580.7799072265625], [960.3912963867188, 572.30908203125], [1017.588623046875, 652.7184448242188], [969.6163330078125, 652.7672729492188], [1047.98046875, 691.3007202148438], [1030.4140625, 694.040283203125], [937.2633056640625, 671.9231567382812], [901.2144775390625, 669.5697021484375], [967.9707641601562, 762.9056396484375], [954.04248046875, 764.5424194335938], [916.6849365234375, 861.4599609375], [913.8724365234375, 869.2630615234375]], "track_id": 2}, "22": {"ball_box": {"xmin": 1091.8182373046875, "ymin": 685.433837890625, "xmax": 1160.9136962890625, "ymax": 754.7279052734375}, "nearest_person_box": {"xmin": 854.0, "ymin": 491.0, "xmax": 1089.0, "ymax": 921.0},